{"metadata":{"asset_id":"69e15d34-19d4-479d-82a9-42baa41007d8","asset_attributes":["wml_model","location_definition","modelfacts_system"],"name":" P5 - Snap Random Forest Classifier: WelfareWise","asset_type":"wml_model","created_at":"2025-08-03T18:22:59Z","origin_country":"us","owner_id":"IBMid-6940010FT9","project_id":"a85bb2f8-2de8-4d60-98e7-5a505b719d29","resource_key":"7fac8e31-2650-4ad5-9370-7dc1b4bbfdeb","sandbox_id":"a85bb2f8-2de8-4d60-98e7-5a505b719d29","size":59308,"usage":{"last_update_time":1754245383429,"last_updated_at":"2025-08-03T18:23:03Z"}},"entity":{"wml_model":{"content_import_state":"completed","content_location":{"contents":[{"content_format":"pipeline-node","file_name":"P5_automl.zip","location":"auto_ml/46532d25-181f-4ea0-b7ba-cacae552a566/wml_data/0f31130c-1383-4161-9ee5-d8e12450e88d/assets/0f31130c-1383-4161-9ee5-d8e12450e88d_P5_batch_ensemble_output/resources/wml_model/P5_automl.zip","pipeline_node_id":"automl"},{"content_format":"native","file_name":"pipeline_model.json","location":"auto_ml/46532d25-181f-4ea0-b7ba-cacae552a566/wml_data/0f31130c-1383-4161-9ee5-d8e12450e88d/assets/0f31130c-1383-4161-9ee5-d8e12450e88d_P5_batch_ensemble_output/resources/wml_model/pipeline_model.json"}],"location":{"assets_path":"auto_ml/46532d25-181f-4ea0-b7ba-cacae552a566/wml_data/0f31130c-1383-4161-9ee5-d8e12450e88d/assets","notebooks_path":"auto_ml/46532d25-181f-4ea0-b7ba-cacae552a566/wml_data/0f31130c-1383-4161-9ee5-d8e12450e88d/notebooks","path":"auto_ml/46532d25-181f-4ea0-b7ba-cacae552a566/wml_data","training":"auto_ml/46532d25-181f-4ea0-b7ba-cacae552a566/wml_data/0f31130c-1383-4161-9ee5-d8e12450e88d","training_log":"auto_ml/46532d25-181f-4ea0-b7ba-cacae552a566/wml_data/0f31130c-1383-4161-9ee5-d8e12450e88d/data/automl/training.log","training_status":"auto_ml/46532d25-181f-4ea0-b7ba-cacae552a566/wml_data/0f31130c-1383-4161-9ee5-d8e12450e88d/training-status.json"},"type":"container"},"data_preprocessing":[{"input":{"columns":16,"rows":2156},"output":{"columns":16,"rows":2156},"props":{"type":"stratified"},"stage":"sampling"},{"input":{"columns":16,"rows":2156},"output":{"columns":16,"rows":2156},"props":{"duplicated_rows_count":0},"stage":"cleansing"}],"hybrid_pipeline_software_specs":[{"name":"autoai-kb_rt24.1-py3.11"}],"label_column":"schemecode","metrics":[{"context":{"classes":["IGNDPS","IGNOAPS","IGNWPS"],"features_importance":[{"computation_type":"","features":{"NewFeature_0_pca_0":0.0004,"NewFeature_10_sqrt(pca_0)":0,"NewFeature_11_sqrt(pca_2)":0.0001,"NewFeature_1_pca_2":0.0453,"NewFeature_2_sqrt(totalbeneficiaries)":0,"NewFeature_3_sqrt(totalmale)":0.1497,"NewFeature_4_sqrt(totalfemale)":0.2049,"NewFeature_5_sqrt(totalsc)":0.0032,"NewFeature_6_sqrt(totalgen)":0.0013,"NewFeature_7_sqrt(totalobc)":0.0014,"NewFeature_8_sqrt(totalaadhaar)":0.0005,"NewFeature_9_sqrt(totalmobilenumber)":0.0004,"districtname":0.0024,"lgddistrictcode":0.0029,"lgdstatecode":0.0089,"statename":0.0034,"totalaadhaar":0.0003,"totalbeneficiaries":0.0005,"totalfemale":0.2024,"totalgen":0.0017,"totalmale":0.3489,"totalmobilenumber":0.0001,"totalobc":0.0022,"totalsc":0.0023,"totalst":0.0142,"totaltransgender":0.0028},"stage":"Mean"}],"incremental_training":{},"intermediate_model":{"composition_steps":["Split_TrainingHoldout","TrainingDataset_full_1940_14","Column Selection","Datetime_FE","TrainingDataset_full_1940_14","Preprocessor_default","DAUB","hpo_d","cognito","hpo_c","Ensemble"],"duration":50575,"location":{"model":"auto_ml/46532d25-181f-4ea0-b7ba-cacae552a566/wml_data/0f31130c-1383-4161-9ee5-d8e12450e88d/data/automl/batch_ensemble_output/Pipeline1/model.pickle","pipeline":"auto_ml/46532d25-181f-4ea0-b7ba-cacae552a566/wml_data/0f31130c-1383-4161-9ee5-d8e12450e88d/data/automl/batch_ensemble_output/Pipeline1/pipeline.json","pipeline_model":"auto_ml/46532d25-181f-4ea0-b7ba-cacae552a566/wml_data/0f31130c-1383-4161-9ee5-d8e12450e88d/data/automl/batch_ensemble_output/Pipeline1/pipeline-model.json"},"name":"P5","notebook_location":"auto_ml/46532d25-181f-4ea0-b7ba-cacae552a566/wml_data/0f31130c-1383-4161-9ee5-d8e12450e88d/data/automl/batch_ensemble_output/Pipeline1/incremental_learning_notebook.ipynb","pipeline_nodes":["ColumnSelector","PreprocessingTransformer","autoai_libs.cognito.transforms.transform_utils.TAM","autoai_libs.cognito.transforms.transform_utils.FS1","autoai_libs.cognito.transforms.transform_utils.TA1","autoai_libs.cognito.transforms.transform_utils.FS1","BatchedTreeEnsembleClassifier(base_estimator=SnapRandomForestClassifier)"],"process":"batch_ensemble_output","schema_location":"auto_ml/46532d25-181f-4ea0-b7ba-cacae552a566/wml_data/0f31130c-1383-4161-9ee5-d8e12450e88d/data/automl/batch_ensemble_output/Pipeline1/schema.json"},"multi_class_classification":{"one_vs_all_location":"auto_ml/46532d25-181f-4ea0-b7ba-cacae552a566/wml_data/0f31130c-1383-4161-9ee5-d8e12450e88d/data/automl/batch_ensemble_output/Pipeline1/one_vs_all.json"},"phase":"batch_ensemble_output","prediction_type":"classification","target_column":"schemecode"},"ml_metrics":{"holdout_accuracy":0.9768518518518519,"holdout_f1_macro":0.9767143639064821,"holdout_f1_micro":0.9768518518518519,"holdout_f1_weighted":0.9767877776908975,"holdout_neg_log_loss":-0.222415070700662,"holdout_precision_macro":0.9767124267124268,"holdout_precision_micro":0.9768518518518519,"holdout_precision_weighted":0.9767858135913692,"holdout_recall_macro":0.9767775603392042,"holdout_recall_micro":0.9768518518518519,"holdout_recall_weighted":0.9768518518518519,"training_accuracy":0.9840200783803312,"training_f1_macro":0.9839562153878748,"training_f1_micro":0.9840200783803312,"training_f1_weighted":0.9840125550025597,"training_neg_log_loss":-0.14307964467855896,"training_precision_macro":0.9839334490421309,"training_precision_micro":0.9840200783803312,"training_precision_weighted":0.9840520082525149,"training_recall_macro":0.9840260173720559,"training_recall_micro":0.9840200783803312,"training_recall_weighted":0.9840200783803312},"timestamp":"2025-08-03T18:12:49Z"}],"pipeline":{"id":"35d625fc-5982-4b16-85f5-c57fe258132a"},"schemas":{"input":[{"fields":[{"name":"finyear","nullable":false,"type":"other"},{"name":"lgdstatecode","nullable":false,"type":"double"},{"name":"statename","nullable":false,"type":"other"},{"name":"lgddistrictcode","nullable":false,"type":"double"},{"name":"districtname","nullable":false,"type":"other"},{"name":"totalbeneficiaries","nullable":false,"type":"double"},{"name":"totalmale","nullable":false,"type":"double"},{"name":"totalfemale","nullable":false,"type":"double"},{"name":"totaltransgender","nullable":false,"type":"double"},{"name":"totalsc","nullable":false,"type":"double"},{"name":"totalst","nullable":false,"type":"double"},{"name":"totalgen","nullable":false,"type":"double"},{"name":"totalobc","nullable":false,"type":"double"},{"name":"totalaadhaar","nullable":false,"type":"double"},{"name":"totalmobilenumber","nullable":false,"type":"double"}],"id":"auto_ai_kb_input_schema"}],"output":[]},"software_spec":{"id":"8c1a58c6-62b5-4dc4-987a-df751c2756b6","name":"hybrid_0.1"},"training_data_references":[{"connection":{},"id":"Social Welfare Schemes.csv","location":{"href":"/v2/assets/12857572-713f-4095-9ede-99a2a48fc56f?project_id=a85bb2f8-2de8-4d60-98e7-5a505b719d29","id":"12857572-713f-4095-9ede-99a2a48fc56f","project_id":"a85bb2f8-2de8-4d60-98e7-5a505b719d29","userfs":"false"},"schema":{"fields":[{"name":"finyear","nullable":false,"type":"other"},{"name":"lgdstatecode","nullable":false,"type":"double"},{"name":"statename","nullable":false,"type":"other"},{"name":"lgddistrictcode","nullable":false,"type":"double"},{"name":"districtname","nullable":false,"type":"other"},{"name":"totalbeneficiaries","nullable":false,"type":"double"},{"name":"totalmale","nullable":false,"type":"double"},{"name":"totalfemale","nullable":false,"type":"double"},{"name":"totaltransgender","nullable":false,"type":"double"},{"name":"totalsc","nullable":false,"type":"double"},{"name":"totalst","nullable":false,"type":"double"},{"name":"totalgen","nullable":false,"type":"double"},{"name":"totalobc","nullable":false,"type":"double"},{"name":"totalaadhaar","nullable":false,"type":"double"},{"name":"totalmobilenumber","nullable":false,"type":"double"},{"name":"schemecode","nullable":false,"type":"other"}],"id":"auto_ai_kb_input_schema"},"type":"data_asset"}],"training_id":"0f31130c-1383-4161-9ee5-d8e12450e88d","type":"wml-hybrid_0.1","ml_version":"4.0.19"},"modelfacts_system":{"model_information":{"input_type":"","algorithm":"BatchedTreeEnsembleClassifier(base_estimator=SnapRandomForestClassifier)","prediction_type":"classification","software_spec":"hybrid_0.1","software_spec_id":""},"training_information":{"features":15,"training_data_references":[{"training_data":"Training data name not found","training_data_href":"/v2/assets/12857572-713f-4095-9ede-99a2a48fc56f?project_id=a85bb2f8-2de8-4d60-98e7-5a505b719d29","source_type":"Source type not found","source":"","source_href":"","source_path":"","training_data_exists":false,"source_exists":true,"type":"data_asset"}],"hyper_parameters":""},"project_details":{"environment_type":"development","is_environmenttype_openscale_value":false,"is_imported_model":false},"model_identity_information":{"model_identity_key":"7fac8e31-2650-4ad5-9370-7dc1b4bbfdeb"}}},"attachments":[{"id":"36a8d367-dc34-491b-b9eb-a768418b7c6d","version":2,"asset_type":"wml_model","name":"P5_automl.zip","datasource_type":"193a97c1-4475-4a19-b90c-295c4fdc6517","creator_id":"IBMid-6940010FT9","create_time":1754245379650,"size":57094,"is_remote":false,"is_managed":true,"is_referenced":false,"is_object_key_read_only":false,"is_user_provided_path_key":false,"transfer_complete":true,"is_partitioned":false,"complete_time_ticks":1754245381287,"user_data":{"content_format":"pipeline-node","pipeline_node_id":"automl"},"test_doc":0,"handle":{"bucket":"welfarewise-donotdelete-pr-zlymiumtctlu42","location":"us-south","type":"bluemix_cos","key":"7bb4d04e-02ba-4d45-a0d7-b3e2e0245051/69e15d34-19d4-479d-82a9-42baa41007d8/36a8d367-dc34-491b-b9eb-a768418b7c6d","upload_id":"done","max_part_num":1},"usage":{"access_count":1,"last_accessor_id":"IBMid-6940010FT9","last_access_time":1754245381287,"last_updater_id":"IBMid-6940010FT9","last_update_time":1754245381287}},{"id":"2c798c5e-d58c-4b1e-8f03-bb82f517fffe","version":2,"asset_type":"wml_model","name":"pipeline_model.json","datasource_type":"193a97c1-4475-4a19-b90c-295c4fdc6517","creator_id":"IBMid-6940010FT9","create_time":1754245379722,"size":2214,"is_remote":false,"is_managed":true,"is_referenced":false,"is_object_key_read_only":false,"is_user_provided_path_key":false,"transfer_complete":true,"is_partitioned":false,"complete_time_ticks":1754245381532,"user_data":{"content_format":"native"},"test_doc":0,"handle":{"bucket":"welfarewise-donotdelete-pr-zlymiumtctlu42","location":"us-south","type":"bluemix_cos","key":"7bb4d04e-02ba-4d45-a0d7-b3e2e0245051/69e15d34-19d4-479d-82a9-42baa41007d8/2c798c5e-d58c-4b1e-8f03-bb82f517fffe","upload_id":"done","max_part_num":1},"usage":{"access_count":1,"last_accessor_id":"IBMid-6940010FT9","last_access_time":1754245381532,"last_updater_id":"IBMid-6940010FT9","last_update_time":1754245381532}}]}
