{"metadata":{"asset_id":"35d625fc-5982-4b16-85f5-c57fe258132a","asset_attributes":["wml_pipeline"],"name":"WelfareWise","asset_type":"wml_pipeline","created_at":"2025-08-03T18:09:29Z","description":"The goal is to create a reliable tool that could \nassist government agencies in quickly and accurately categorizing applicants, ensuring \nthat benefits are delivered to the right people efficiently.","origin_country":"us","owner_id":"IBMid-6940010FT9","project_id":"a85bb2f8-2de8-4d60-98e7-5a505b719d29","sandbox_id":"a85bb2f8-2de8-4d60-98e7-5a505b719d29","size":0,"tags":["dsx-project.a85bb2f8-2de8-4d60-98e7-5a505b719d29"],"usage":{"last_update_time":1754244569051,"last_updated_at":"2025-08-03T18:09:29Z"}},"entity":{"wml_pipeline":{"document":{"doc_type":"pipeline","pipelines":[{"id":"autoai","nodes":[{"id":"automl","op":"kube","parameters":{"incremental_learning":false,"input_file_separator":",","n_parallel_data_connections":4,"one_vs_all_file":true,"optimization":{"compute_pipeline_notebooks_flag":true,"cv_num_folds":3,"daub_adaptive_subsampling_max_mem_usage":15000000000,"feature_selector_mode":"auto","global_stage_include_batched_ensemble_estimators":["BatchedTreeEnsembleClassifier(ExtraTreesClassifier)","BatchedTreeEnsembleClassifier(LGBMClassifier)","BatchedTreeEnsembleClassifier(RandomForestClassifier)","BatchedTreeEnsembleClassifier(SnapBoostingMachineClassifier)","BatchedTreeEnsembleClassifier(SnapRandomForestClassifier)","BatchedTreeEnsembleClassifier(XGBClassifier)"],"holdout_param":0.1,"label":"schemecode","learning_type":"classification","max_num_daub_ensembles":2,"run_cognito_flag":true,"scorer_for_ranking":"accuracy"},"output_logs":true,"stage_flag":true},"runtime_ref":"autoai","type":"execution_node"}],"runtime_ref":"hybrid"}],"primary_pipeline":"autoai","runtimes":[{"app_data":{"wml_data":{"hardware_spec":{"id":"a6c4923b-b8e4-444c-9f43-8a7ec3020110","name":"L"}}},"id":"autoai","name":"auto_ai.kb"}],"version":"2.0"},"ml_version":"4.0.5"}}}
